PostId,PostType,Status,Title,Slug,ModifiedDisplay,Categories,YoastKeyphrase,YoastReadability,Disposition,TargetOwnerId,Notes
"3","page","draft","Privacy Policy","privacy-policy","עודכן לאחרונה 22/03/2022 בשעה 17:21","","ביטוי מפתח לא הוגדר","לא זמין","unreviewed","",""
"683","page","draft","(ללא כותרת)","","עודכן לאחרונה 09/02/2025 בשעה 17:23","","ביטוי מפתח לא הוגדר","דרוש שיפור","unreviewed","",""
"826","page","draft","טיסות לתאילנד וחבילות נופש: בדיקה לפי תאריכים ותקציב","flights-to-thailand","עודכן לאחרונה 27/05/2026 בשעה 5:03","","ביטוי מפתח לא הוגדר","לא זמין","unreviewed","",""
"827","page","draft","מלונות בתאילנד לפי אזור, תקציב וסגנון חופשה","thailand-hotels","עודכן לאחרונה 27/05/2026 בשעה 5:03","","ביטוי מפתח לא הוגדר","לא זמין","unreviewed","",""
"828","page","draft","ביטוח נסיעות לתאילנד: מה לבדוק לפני רכישה","thailand-travel-insurance","עודכן לאחרונה 27/05/2026 בשעה 5:03","","ביטוי מפתח לא הוגדר","לא זמין","unreviewed","",""
"829","page","draft","eSIM לתאילנד: איך לבחור חבילת גלישה לפני הטיסה","thailand-esim","עודכן לאחרונה 27/05/2026 בשעה 5:03","","ביטוי מפתח לא הוגדר","לא זמין","unreviewed","",""
"830","page","draft","טיול מאורגן לתאילנד: משפחות, זוגות וקבוצות בהתאמה אישית","thailand-organized-tours","עודכן לאחרונה 27/05/2026 בשעה 5:03","","ביטוי מפתח לא הוגדר","לא זמין","unreviewed","",""
"831","page","draft","ויזה ושהייה ארוכה בתאילנד: בדיקת מסלול ותכנון ראשוני","thailand-long-stay-visa","עודכן לאחרונה 27/05/2026 בשעה 5:03","","ביטוי מפתח לא הוגדר","לא זמין","unreviewed","",""
"841","page","draft","נדל״ן בתאילנד","נדלן-בתאילנד","עודכן לאחרונה 08/08/2026 בשעה 15:38","","ביטוי מפתח לא הוגדר","טוב","release_hub","thailand-real-estate","New national real-estate hub prepared for release 0.3.0"
"15","post","draft","(ללא כותרת)","","עודכן לאחרונה26/03/2022 בשעה 20:39","תאילנד כללי","ביטוי מפתח לא הוגדר","לא זמין","unreviewed","",""
"61","post","draft","נכס להשקעה בתאילנד","","עודכן לאחרונה03/04/2022 בשעה 10:10","תאילנד כללי","ביטוי מפתח לא הוגדר","לא זמין","unreviewed","",""
"209","post","draft","תיירות בבנגקוק | מדריך שימושי לתיירים","תיירות-בבנגקוק-מדריך-שימושי-לתיירים","עודכן לאחרונה03/09/2022 בשעה 16:35","תאילנד כללי","ביטוי מפתח לא הוגדר","דרוש שיפור","unreviewed","",""
"223","post","draft","תאילנד עם ילדים | מלונות ואתרי נופש משפחתיים הטובים ביותר בתאילנד","תאילנד-עם-ילדים-אתרי-נופש-משפחתיים-הטו","עודכן לאחרונה09/09/2022 בשעה 18:13","תאילנד כללי","ביטוי מפתח לא הוגדר","דרוש שיפור","unreviewed","",""
"228","post","draft","10 טיפים לטיול בתאילנד עם ילדים קטנים ותינוקות 2023","10-טיפים-לטיול-בתאילנד-עם-ילדים-קטנים-ות","עודכן לאחרונה09/09/2022 בשעה 19:11","תאילנד כללי","ביטוי מפתח לא הוגדר","דרוש שיפור","unreviewed","",""
"258","post","draft","מלונות בקוסמוי תאילנד סקירה מתעדכנת","מלונות-בקוסמוי-תאילנד","עודכן לאחרונה30/09/2022 בשעה 16:31","תאילנד כללי","ביטוי מפתח לא הוגדר","דרוש שיפור","unreviewed","",""
"274","post","draft","מלונות יוקרה 5 כוכבים חדשים מומלצים הטובים ביותר בקוסמוי עם תאריך פתיחה","מלונות-יוקרה-5-כוכבים-חדשים-מומלצים-הטו","עודכן לאחרונה30/09/2022 בשעה 20:14","תאילנד כללי","ביטוי מפתח לא הוגדר","דרוש שיפור","unreviewed","",""
"344","post","draft","דוסיט אינטרנשיונל  Dusit International","דוסיט-אינטרנשיונל-dusit-international","עודכן לאחרונה21/10/2022 בשעה 16:11","תאילנד כללי","ביטוי מפתח לא הוגדר","דרוש שיפור","unreviewed","",""
"371","post","draft","(ללא כותרת)","","עודכן לאחרונה18/02/2023 בשעה 14:35","תאילנד כללי","ביטוי מפתח לא הוגדר","טוב","unreviewed","",""
"376","post","draft","טיסות זולות לתאילנד | כרטיסי טיסה מוזלים","thailand-flight","עודכן לאחרונה26/02/2023 בשעה 17:56","תאילנד כללי","ביטוי מפתח לא הוגדר","דרוש שיפור","unreviewed","",""
"424","post","draft","בוקינג – על booking הזמנה","בוקינג-על-booking-הזמנה","עודכן לאחרונה07/03/2023 בשעה 16:38","תאילנד כללי","ביטוי מפתח לא הוגדר","דרוש שיפור","unreviewed","",""
"427","post","draft","CheapTickets כרטיסים זולים – החברה","cheaptickets-כרטיסים-זולים-החברה","עודכן לאחרונה07/03/2023 בשעה 16:48","תאילנד כללי","ביטוי מפתח לא הוגדר","דרוש שיפור","unreviewed","",""
"441","post","draft","סוכנות נסיעות תאילנד | סוכן נסיעות תאילנד","travel-agent","עודכן לאחרונה10/03/2023 בשעה 14:55","תאילנד כללי","ביטוי מפתח לא הוגדר","דרוש שיפור","unreviewed","",""
"447","post","draft","(ללא כותרת)","","עודכן לאחרונה17/03/2023 בשעה 17:38","תאילנד כללי","ביטוי מפתח לא הוגדר","דרוש שיפור","unreviewed","",""
"477","post","draft","קניית מלון בתאילנד כזר | מדריך לישראלי","","עודכן לאחרונה28/03/2023 בשעה 20:16","תאילנד כללי","ביטוי מפתח לא הוגדר","דרוש שיפור","unreviewed","",""
"498","post","draft","מדריך פתיחת עסק קנאביס בתאילנד לישראלים","מדריך-פתיחת-עסק-קנאביס-בתאילנד-לישראל","עודכן לאחרונה27/05/2023 בשעה 11:54","תאילנד כללי","ביטוי מפתח לא הוגדר","לא זמין","unreviewed","",""
"517","post","draft","חגים בתאילנד טיסות זולות חבילות נופש משפחה מלונות","holidays-in-thailand","עודכן לאחרונה31/07/2023 בשעה 13:47","תאילנד כללי","ביטוי מפתח לא הוגדר","לא זמין","unreviewed","",""
"523","post","draft","Continental Phuket Resort מלון חדש תאילנד","continental-phuket-resort-מלון-חדש-תאילנד","עודכן לאחרונה08/08/2023 בשעה 17:57","תאילנד כללי","ביטוי מפתח לא הוגדר","לא זמין","unreviewed","",""
"525","post","draft","דירה לרכישה בפרויקט מגורים משותפים יוקרתי בקוסמוי","דירה-לרכישה-בפרויקט-מגורים-משותפים-יו","עודכן לאחרונה08/08/2023 בשעה 18:34","תאילנד כללי","ביטוי מפתח לא הוגדר","לא זמין","unreviewed","",""
"527","post","draft","פרויקט מגורים דירה לרכישה פוקט Kata Beach Phuket Project Condominium","פרויקט-מגורים-דירה-לרכישה-פוקט-kata-beach-phuket-project-condominium","עודכן לאחרונה08/08/2023 בשעה 18:57","תאילנד כללי","ביטוי מפתח לא הוגדר","לא זמין","unreviewed","",""
"529","post","draft","רכישת דירה בפרויקט חדש פטאיה תאילנד","רכישה-בפרויקט-חדש-פטאיה-תאילנד","עודכן לאחרונה08/08/2023 בשעה 19:12","תאילנד כללי","ביטוי מפתח לא הוגדר","לא זמין","unreviewed","",""
"534","post","draft","אטרקציות מיוחדות: דברים מהנים ויוצאי דופן לעשות בקוסמוי, תאילנד","אטרקציות-מיוחדות-דברים-מהנים-ויוצאי-ד","עודכן לאחרונה26/08/2023 בשעה 15:17","תאילנד כללי","ביטוי מפתח לא הוגדר","לא זמין","unreviewed","",""
"546","post","draft","אטרקציות פוקט: מה לעשות באי פוקט?","phuket-attractions","עודכן לאחרונה30/08/2023 בשעה 16:19","תאילנד כללי","ביטוי מפתח לא הוגדר","לא זמין","unreviewed","",""
"575","post","draft","מערכת הבריאות בתאילנד ובתי חולים| מה צריך לדעת?","מערכת-הבריאות-בתאילנד-ובתי-חולים-מה-צר","עודכן לאחרונה02/09/2023 בשעה 19:34","תאילנד כללי","ביטוי מפתח לא הוגדר","דרוש שיפור","unreviewed","",""
"580","post","draft","מסלול קל לתכנון צ’אנג מאי + ​​צ’אנג ראי (מדריך טיולים לצפון תאילנד)","מסלול-קל-לתכנון-צאנג-מאי-צאנג-ראי","עודכן לאחרונה07/09/2023 בשעה 18:35","תאילנד כללי","ביטוי מפתח לא הוגדר","דרוש שיפור","unreviewed","",""
"583","post","draft","עיסוי תאילנדי אמיתי | רפואה תאילנדית מסורתית | מסאז’ תאילנדי","עיסוי-תאילנדי-אמיתי","עודכן לאחרונה07/09/2023 בשעה 20:04","תאילנד כללי","ביטוי מפתח לא הוגדר","דרוש שיפור","unreviewed","",""
"619","post","draft","טיסה לתאילנד – המדריך המקיף והעדכני לטיסה זולה לתאילנד","טיסה-לתאילנד-המדריך-המקיף-והעדכני-ביו","עודכן לאחרונה23/12/2024 בשעה 19:41","תאילנד כללי","ביטוי מפתח לא הוגדר","דרוש שיפור","unreviewed","",""
"631","post","draft","השוואת מחירי טיסות: אתרים מובילים לטיסות לתאילנד","thailand-best-flight-comparison-sites","עודכן לאחרונה24/12/2024 בשעה 12:24","תאילנד כללי","ביטוי מפתח לא הוגדר","תקין","unreviewed","",""
"634","post","draft","השוואת אתרי הזמנת מלונות מובילים בתאילנד | חיפוש מלונות בתאילנד","thailand-best-hotel-booking-sites","עודכן לאחרונה24/12/2024 בשעה 12:39","תאילנד כללי","ביטוי מפתח לא הוגדר","דרוש שיפור","unreviewed","",""
"639","post","draft","טיסות זולות לתאילנד ברגע האחרון","טיסות-זולות-לתאילנד-ברגע-האחרון","עודכן לאחרונה29/12/2024 בשעה 12:06","תאילנד כללי","ביטוי מפתח לא הוגדר","דרוש שיפור","unreviewed","",""
"645","post","draft","איך להשתמש ב- Google Flights כדי למצוא טיסות זולות לתאילנד","איך-להשתמש-ב-google-flights-כדי-למצוא-טיסות-זולות-ל","עודכן לאחרונה30/12/2024 בשעה 11:16","תאילנד כללי","ביטוי מפתח לא הוגדר","דרוש שיפור","unreviewed","",""
"650","post","draft","אל על טיסות זולות לתאילנד – טיסות ישירות לתאילנד במחיר מוזל","elal-discount-thailand-flights","עודכן לאחרונה10/01/2025 בשעה 17:24","תאילנד כללי","ביטוי מפתח לא הוגדר","דרוש שיפור","unreviewed","",""
"658","post","draft","ינואר בתאילנד – טיסות זולות, אוכל כשר וחבילות מפנקות","thailand-january-cheap-flights-kosher","עודכן לאחרונה12/01/2025 בשעה 20:27","תאילנד כללי","ביטוי מפתח לא הוגדר","דרוש שיפור","unreviewed","",""
"663","post","draft","דרכים שלא חשבתם עליהם להגיע לתאילנד","israel-thailand-affordable-guide","עודכן לאחרונה16/01/2025 בשעה 16:30","תאילנד כללי","ביטוי מפתח לא הוגדר","דרוש שיפור","unreviewed","",""
"671","post","draft","מחירון מלונות מומלצים בקו סמוי לשנת 2025","מחירון-מלונות-מומלצים-בקו-סמוי-לשנת-2025","עודכן לאחרונה25/01/2025 בשעה 13:03","קו סמוי Ko Samui","ביטוי מפתח לא הוגדר","דרוש שיפור","unreviewed","",""
"676","post","draft","נופש בתאילנד 2025 – המחירון המלא והמקיף ביותר למשפחות","נופש-בתאילנד-2025-המחירון-המלא-והמקיף-בי","עודכן לאחרונה26/01/2025 בשעה 20:39","תאילנד כללי","ביטוי מפתח לא הוגדר","דרוש שיפור","unreviewed","",""
"680","post","draft","המדריך למטייל הסולו בתאילנד – טיפים, מקומות מומלצים וחוויות בלתי נשכחות","המדריך-למטייל-הסולו-בתאילנד","עודכן לאחרונה02/02/2025 בשעה 17:20","תאילנד כללי","ביטוי מפתח לא הוגדר","דרוש שיפור","unreviewed","",""
"686","post","draft","מעודכן 2025: טיסות לתאילנד ומלונות עלויות אל על וחברות אחרות – השוואת מחירים","מחקר-עלויות-טיסה-תאילנד","עודכן לאחרונה14/02/2025 בשעה 10:24","תאילנד כללי","ביטוי מפתח לא הוגדר","לא זמין","unreviewed","",""
"698","post","draft","טיול משפחתי של שבועיים לתאילנד (עם ילדים) – מסלול מותאם לישראלים","טיול-משפחתי-של-שבועיים-לתאילנד","עודכן לאחרונה17/02/2025 בשעה 10:35","תאילנד כללי","ביטוי מפתח לא הוגדר","דרוש שיפור","unreviewed","",""
"709","post","draft","בנגקוק איירווייז | טיסות מבנקוק | Bangkok Airways","בנגקוק-איירווייז-טיסות-בבנקוק-bangkok-airways","עודכן לאחרונה17/02/2025 בשעה 18:20","תאילנד כללי","ביטוי מפתח לא הוגדר","דרוש שיפור","unreviewed","",""
"713","post","draft","(ללא כותרת)","","עודכן לאחרונה17/02/2025 בשעה 19:28","תאילנד כללי","ביטוי מפתח לא הוגדר","לא זמין","unreviewed","",""
"721","post","draft","(ללא כותרת)","","עודכן לאחרונה18/02/2025 בשעה 7:56","תאילנד כללי","ביטוי מפתח לא הוגדר","לא זמין","unreviewed","",""
"722","post","draft","רגולציה ותיירות בתאילנד – מדריך לתיירים ישראלים","רגולציה-ותיירות-בתאילנד-לישראלים","עודכן לאחרונה18/02/2025 בשעה 8:55","תאילנד כללי","ביטוי מפתח לא הוגדר","דרוש שיפור","unreviewed","",""
"735","post","draft","(ללא כותרת)","","עודכן לאחרונה19/02/2025 בשעה 11:31","תאילנד כללי","ביטוי מפתח לא הוגדר","לא זמין","unreviewed","",""
"742","post","draft","מלונות חדשים מומלצים בתאילנד – תמורה גבוהה למחיר","מלונות-חדשים-מומלצים-בתאילנד","עודכן לאחרונה19/02/2025 בשעה 16:52","מלון | כל סוגי המלונות","ביטוי מפתח לא הוגדר","דרוש שיפור","unreviewed","",""
"753","post","draft","(ללא כותרת)","","עודכן לאחרונה25/02/2025 בשעה 12:34","תאילנד כללי","ביטוי מפתח לא הוגדר","תקין","unreviewed","",""
"762","post","draft","איפה אוכלים בקוסמוי – סקירת המסעדות של צוות תאילנד","המסעדות-הטובות-בקוסמוי","עודכן לאחרונה02/03/2025 בשעה 18:28","קו סמוי Ko Samui","ביטוי מפתח לא הוגדר","דרוש שיפור","unreviewed","",""
"773","post","draft","(ללא כותרת)","","עודכן לאחרונה05/03/2025 בשעה 16:13","תאילנד כללי","ביטוי מפתח לא הוגדר","לא זמין","unreviewed","",""
"774","post","draft","יועץ טיולים תאילנד | לווי צמוד לנופש מושלם","trip-advisor","עודכן לאחרונה08/03/2025 בשעה 12:23","תאילנד כללי","ביטוי מפתח לא הוגדר","דרוש שיפור","unreviewed","",""
"779","post","draft","(ללא כותרת)","","עודכן לאחרונה08/03/2025 בשעה 19:19","תאילנד כללי","ביטוי מפתח לא הוגדר","לא זמין","unreviewed","",""
"781","post","draft","שנת  2025 קוסמוי תאילנד – מדריך לחופשה מושלמת סאמוי samui","ko-samui","עודכן לאחרונה08/03/2025 בשעה 19:30","קו סמוי Ko Samui","ביטוי מפתח לא הוגדר","דרוש שיפור","unreviewed","",""
"790","post","draft","(ללא כותרת)","","עודכן לאחרונה08/03/2025 בשעה 20:07","תאילנד כללי","ביטוי מפתח לא הוגדר","לא זמין","unreviewed","",""
"792","post","draft","(ללא כותרת)","","עודכן לאחרונה09/03/2025 בשעה 14:21","תאילנד כללי","ביטוי מפתח לא הוגדר","לא זמין","unreviewed","",""
"794","post","draft","(ללא כותרת)","","עודכן לאחרונה10/03/2025 בשעה 13:30","תאילנד כללי","ביטוי מפתח לא הוגדר","לא זמין","unreviewed","",""
"797","post","draft","סקירת חברות התעופה המובילות לתאילנד 2025: מחירים, שירותים ונתיבי טיסה מומלצים","חברות-תעופה-שטסות-לתאילנד-2025","עודכן לאחרונה11/03/2025 בשעה 20:32","תאילנד כללי","ביטוי מפתח לא הוגדר","דרוש שיפור","unreviewed","",""
