"SitemapKind","Url","DecodedPath","Status","ContentType","Bytes","ContentSha256","Canonical","SelfCanonical","HtmlLang","HtmlDir","Title","TitleLength","MetaDescription","MetaDescriptionLength","H1Count","FirstH1","H2Count","ApproximateRenderedWordCount","MainH1Count","MainFirstH1","MainH2Count","ApproximateMainWordCount","InternalLinkOccurrences","UniqueInternalDestinations","MainInternalLinkOccurrences","MainUniqueInternalDestinations","ImageCount","ImagesWithAltAttribute","ImagesWithNonEmptyAlt","OgImage","SchemaTypes","PublishedTime","ModifiedTime"
"post","https://thai-land.co.il/%d7%9e%d7%9c%d7%95%d7%a0%d7%95%d7%aa-%d7%97%d7%93%d7%a9%d7%99%d7%9d-%d7%91%d7%a7%d7%95-%d7%a1%d7%9e%d7%95%d7%99-2022/","/מלונות-חדשים-בקו-סמוי-2022/","200","text/html; charset=UTF-8","78846","fa9b68c5ecf82bd018014a5041d6abbade7f5760d769f26a90db19dbf983cb92","https://thai-land.co.il/מלונות-חדשים-בקו-סמוי-2022/","True","he-IL","rtl","מלונות חדשים בקו סמוי 2022 Koh Samui | להיות בתאילנד","52",,"0","2","להיות בתאילנד","0","1438","1","מלונות חדשים בקו סמוי 2022 Koh Samui","0","977","72","38","0","0","1","1","1","https://thai-land.co.il/wp-content/uploads/2022/03/cropped-thailand-free-info.jpg","","2022-03-26T20:40:08+00:00","2022-03-26T21:58:38+00:00"
"post","https://thai-land.co.il/%d7%94%d7%97%d7%9c-%d7%9e%d7%90%d7%a4%d7%a8%d7%99%d7%9c-2022-%d7%9e%d7%98%d7%99%d7%99%d7%9c%d7%99%d7%9d-%d7%99%d7%95%d7%a8%d7%a9%d7%95-%d7%9c%d7%94%d7%99%d7%9b%d7%a0%d7%a1-%d7%9c%d7%aa%d7%90%d7%99/","/החל-מאפריל-2022-מטיילים-יורשו-להיכנס-לתאי/","200","text/html; charset=UTF-8","78930","2c5d9d5389b78d43c5e07b890450365636d57afa95002cae50491ae22ca97714","https://thai-land.co.il/החל-מאפריל-2022-מטיילים-יורשו-להיכנס-לתאי/","True","he-IL","rtl","החל מאפריל 2022 מטיילים יורשו להיכנס לתאילנד ללא צורך בהצגת הוכחה לבדיקת RT-PCR שלילית תוך 72 שעות מהנסיעה. | להיות בתאילנד","123",,"0","2","להיות בתאילנד","0","1356","1","החל מאפריל 2022 מטיילים יורשו להיכנס לתאילנד ללא צורך בהצגת הוכחה לבדיקת RT-PCR שלילית תוך 72 שעות מהנסיעה.","0","873","72","38","0","0","1","1","1","https://thai-land.co.il/wp-content/uploads/2022/03/cropped-thailand-free-info.jpg","","2022-04-04T17:46:27+00:00","2022-04-04T17:46:44+00:00"
"post","https://thai-land.co.il/%d7%90%d7%a4%d7%a9%d7%a8%d7%95%d7%99%d7%95%d7%aa-%d7%9e%d7%a9%d7%9b%d7%a0%d7%aa%d7%90-%d7%95%d7%9e%d7%99%d7%9e%d7%95%d7%9f-%d7%a0%d7%9b%d7%a1%d7%99%d7%9d-%d7%91%d7%aa%d7%90%d7%99%d7%9c%d7%a0%d7%93/","/אפשרויות-משכנתא-ומימון-נכסים-בתאילנד/","200","text/html; charset=UTF-8","93248","a99ae2ddf83655ddc164c31cbb3d62e569c1bbd4a7b9fba265b9ed38d7a51120","https://thai-land.co.il/אפשרויות-משכנתא-ומימון-נכסים-בתאילנד/","True","he-IL","rtl","אפשרויות משכנתא ומימון נכסים בתאילנד לזרים | להיות בתאילנד","58",,"0","2","להיות בתאילנד","0","2711","1","אפשרויות משכנתא ומימון נכסים בתאילנד לזרים","0","2252","72","38","0","0","1","1","1","https://thai-land.co.il/wp-content/uploads/2022/03/cropped-thailand-free-info.jpg","","2022-04-04T18:18:07+00:00",
"post","https://thai-land.co.il/5-%d7%94%d7%98%d7%a2%d7%95%d7%99%d7%95%d7%aa-%d7%94%d7%9e%d7%95%d7%91%d7%99%d7%9c%d7%95%d7%aa-%d7%a9%d7%99%d7%a9-%d7%9c%d7%94%d7%99%d7%9e%d7%a0%d7%a2-%d7%9e%d7%94%d7%9f-%d7%91%d7%a2%d7%aa/","/5-הטעויות-המובילות-שיש-להימנע-מהן-בעת/","200","text/html; charset=UTF-8","79969","4f580dbdfd963ace6982f6aadd27b242081f8fcec57f9cf09ad09c59e50a394c","https://thai-land.co.il/5-הטעויות-המובילות-שיש-להימנע-מהן-בעת/","True","he-IL","rtl","5 הטעויות המובילות שיש להימנע מהן בעת ​​רכישת נכס בתאילנד | להיות בתאילנד","73",,"0","2","להיות בתאילנד","0","1341","1","5 הטעויות המובילות שיש להימנע מהן בעת ​​רכישת נכס בתאילנד","0","874","74","38","2","2","2","2","1","https://thai-land.co.il/wp-content/uploads/2022/03/cropped-thailand-free-info.jpg","","2022-04-04T18:33:38+00:00","2022-04-04T19:22:15+00:00"
"post","https://thai-land.co.il/5-%d7%94%d7%9e%d7%99%d7%aa%d7%95%d7%a1%d7%99%d7%9d-%d7%94%d7%92%d7%93%d7%95%d7%9c%d7%99%d7%9d-%d7%91%d7%99%d7%95%d7%aa%d7%a8-%d7%a2%d7%9c-%d7%94%d7%96%d7%9e%d7%a0%d7%aa-%d7%9b%d7%a8%d7%98%d7%99%d7%a1/","/5-המיתוסים-הגדולים-ביותר-על-הזמנת-כרטיס/","200","text/html; charset=UTF-8","75095","356e502e7c8a8db773d06386aea486f2de00c07a1786481a590b95c1d174ddb4","https://thai-land.co.il/5-המיתוסים-הגדולים-ביותר-על-הזמנת-כרטיס/","True","he-IL","rtl","5 המיתוסים הגדולים ביותר על הזמנת כרטיסי טיסה | להיות בתאילנד","61",,"0","2","להיות בתאילנד","0","1080","1","5 המיתוסים הגדולים ביותר על הזמנת כרטיסי טיסה","0","617","72","38","0","0","1","1","1","https://thai-land.co.il/wp-content/uploads/2022/03/cropped-thailand-free-info.jpg","","2022-04-27T17:04:35+00:00",
"post","https://thai-land.co.il/14-%d7%9e%d7%a7%d7%95%d7%9e%d7%95%d7%aa-%d7%9e%d7%95%d7%91%d7%99%d7%9c%d7%99%d7%9d-%d7%9c%d7%91%d7%99%d7%a7%d7%95%d7%a8-%d7%91%d7%aa%d7%90%d7%99%d7%9c%d7%a0%d7%93/","/14-מקומות-מובילים-לביקור-בתאילנד/","200","text/html; charset=UTF-8","106584","47f638c17051bdc2d20d4ca75c1dbfdd38193e872200edf97ec60e6c13dc6b1f","https://thai-land.co.il/14-מקומות-מובילים-לביקור-בתאילנד/","True","he-IL","rtl","14 מקומות מובילים לביקור בתאילנד | להיות בתאילנד","48",,"0","2","להיות בתאילנד","0","4081","1","14 מקומות מובילים לביקור בתאילנד","0","3624","72","38","0","0","1","1","1","https://thai-land.co.il/wp-content/uploads/2022/03/cropped-thailand-free-info.jpg","","2022-04-26T12:32:26+00:00","2022-04-30T17:45:30+00:00"
"post","https://thai-land.co.il/%d7%9e%d7%9c%d7%95%d7%a0%d7%95%d7%aa-%d7%94%d7%99%d7%95%d7%a7%d7%a8%d7%94-%d7%94%d7%98%d7%95%d7%91%d7%99%d7%9d-%d7%91%d7%99%d7%95%d7%aa%d7%a8-%d7%91%d7%a7%d7%95%d7%a1%d7%9e%d7%95%d7%99/","/מלונות-היוקרה-הטובים-ביותר-בקוסמוי/","200","text/html; charset=UTF-8","79056","9b94e34b8a3f25c0aeae89a77bf9c133463dbd9d6f15ec91e60f3b83b95aa531","https://thai-land.co.il/מלונות-היוקרה-הטובים-ביותר-בקוסמוי/","True","he-IL","rtl","מלונות היוקרה הטובים ביותר בקוסמוי | להיות בתאילנד","50",,"0","2","להיות בתאילנד","0","1250","1","מלונות היוקרה הטובים ביותר בקוסמוי","0","793","72","38","0","0","2","2","2","https://thai-land.co.il/wp-content/uploads/2022/03/ko-samui-300x169.jpg","","2022-03-24T09:27:56+00:00","2022-05-03T18:35:07+00:00"
"post","https://thai-land.co.il/%d7%9c%d7%a2%d7%91%d7%95%d7%93-%d7%9e%d7%91%d7%aa%d7%99-%d7%a7%d7%a4%d7%94-10-%d7%98%d7%99%d7%a4%d7%99%d7%9d-%d7%9c%d7%a2%d7%a9%d7%95%d7%aa-%d7%96%d7%90%d7%aa-%d7%91%d7%99%d7%a2%d7%99%d7%9c%d7%95/","/לעבוד-מבתי-קפה-10-טיפים-לעשות-זאת-ביעילו/","200","text/html; charset=UTF-8","86787","69313bbd81ae91bc5bca6faea64789c2fe7ff1b71941432317fc3e5d095e7046","https://thai-land.co.il/לעבוד-מבתי-קפה-10-טיפים-לעשות-זאת-ביעילו/","True","he-IL","rtl","לעבוד מבתי קפה: 10 טיפים לעשות זאת ביעילות | נווד דיגיטאלי | להיות בתאילנד","74",,"0","2","להיות בתאילנד","0","2192","1","לעבוד מבתי קפה: 10 טיפים לעשות זאת ביעילות | נווד דיגיטאלי","0","1723","72","38","0","0","2","2","2","https://thai-land.co.il/wp-content/uploads/2022/05/coffee.png","","2022-05-20T13:20:06+00:00","2022-05-21T10:38:54+00:00"
"post","https://thai-land.co.il/permanent-residence-thailand/","/permanent-residence-thailand/","200","text/html; charset=UTF-8","73524","d11e1ae1a44779b51683ddd461f6352bb70c9e8b2239d1b1b5f920307ebabb87","https://thai-land.co.il/permanent-residence-thailand/","True","he-IL","rtl","תושבות קבע תאילנדית | להיות בתאילנד","35",,"0","2","להיות בתאילנד","0","952","1","תושבות קבע תאילנדית","0","499","72","38","0","0","1","1","1","https://thai-land.co.il/wp-content/uploads/2022/03/cropped-thailand-free-info.jpg","","2022-05-16T17:55:14+00:00","2022-05-21T17:21:12+00:00"
"post","https://thai-land.co.il/%d7%aa%d7%90%d7%99%d7%9c%d7%a0%d7%93-%d7%a7%d7%99%d7%a9%d7%95%d7%a8%d7%99%d7%9d-%d7%a9%d7%99%d7%9e%d7%95%d7%a9%d7%99%d7%99%d7%9d/","/תאילנד-קישורים-שימושיים/","200","text/html; charset=UTF-8","77617","8c0f1b4fa6fe47f217f469afc6723d1fdaf31fbe791648b3b2c5c56df4e911b1","https://thai-land.co.il/תאילנד-קישורים-שימושיים/","True","he-IL","rtl","תאילנד קישורים שימושיים | להיות בתאילנד","39",,"0","2","להיות בתאילנד","0","656","1","תאילנד קישורים שימושיים","0","203","72","38","0","0","1","1","1","https://thai-land.co.il/wp-content/uploads/2022/03/cropped-thailand-free-info.jpg","","2022-05-23T14:10:06+00:00",
"post","https://thai-land.co.il/%d7%91%d7%a0%d7%92%d7%a7%d7%95%d7%a7-%d7%aa%d7%90%d7%99%d7%9c%d7%a0%d7%93/","/בנגקוק-תאילנד/","200","text/html; charset=UTF-8","139809","52446f8e92a21eb01127266cfac7ef3ff7a4a2af328a85508f4ef8af67c30e38","https://thai-land.co.il/בנגקוק-תאילנד/","True","he-IL","rtl","בנגקוק תאילנד | להיות בתאילנד","29",,"0","2","להיות בתאילנד","1","7084","1","בנגקוק תאילנד","1","6633","72","38","0","0","2","2","2","https://thai-land.co.il/wp-content/uploads/2022/06/bankok-flag.png","","2022-06-11T10:53:58+00:00","2022-06-18T14:23:57+00:00"
"post","https://thai-land.co.il/%d7%90%d7%95%d7%93%d7%95%d7%aa/","/אודות/","200","text/html; charset=UTF-8","73290","5cacbaf2ebe106e9db511da57c3e6640dfe2620f6c9f45d051d7eed5aef36b6f","https://thai-land.co.il/אודות/","True","he-IL","rtl","אודות | להיות בתאילנד","21",,"0","2","להיות בתאילנד","0","879","1","אודות","0","430","72","39","0","0","1","1","1","https://thai-land.co.il/wp-content/uploads/2022/03/cropped-thailand-free-info.jpg","","2022-05-09T17:16:14+00:00","2022-06-18T14:25:42+00:00"
"post","https://thai-land.co.il/%d7%9e%d7%93%d7%a8%d7%99%d7%9a-%d7%9c%d7%94%d7%a9%d7%9b%d7%a8%d7%aa-%d7%93%d7%99%d7%a8%d7%94-%d7%91%d7%91%d7%a0%d7%92%d7%a7%d7%95%d7%a7/","/מדריך-להשכרת-דירה-בבנגקוק/","200","text/html; charset=UTF-8","111129","8f8f41c800a9b7b3cd69822bef8578d1b813324c3dec9916702451df9838982c","https://thai-land.co.il/מדריך-להשכרת-דירה-בבנגקוק/","True","he-IL","rtl","מדריך להשכרת דירה בבנגקוק | דירות להשכרה | להיות בתאילנד","56","%","1","2","להיות בתאילנד","0","4552","1","מדריך להשכרת דירה בבנגקוק","0","4094","72","38","0","0","1","1","1","https://thai-land.co.il/wp-content/uploads/2022/03/cropped-thailand-free-info.jpg","","2022-05-07T15:32:13+00:00","2022-08-20T16:13:11+00:00"
"post","https://thai-land.co.il/%d7%9b%d7%9c%d7%9b%d7%9c%d7%aa-%d7%aa%d7%90%d7%99%d7%9c%d7%a0%d7%93/","/כלכלת-תאילנד/","200","text/html; charset=UTF-8","138566","ab8d0ffef0a41039cb83048d17b7775ead8c33eef69aa16aca3bb32b5a69c1a9","https://thai-land.co.il/כלכלת-תאילנד/","True","he-IL","rtl","כלכלת תאילנד | להיות בתאילנד","28",,"0","2","להיות בתאילנד","0","6875","1","כלכלת תאילנד","0","6424","72","38","0","0","1","1","1","https://thai-land.co.il/wp-content/uploads/2022/03/cropped-thailand-free-info.jpg","","2022-08-26T16:08:43+00:00","2022-08-26T16:12:39+00:00"
"post","https://thai-land.co.il/%d7%aa%d7%99%d7%99%d7%a8%d7%95%d7%aa-%d7%91%d7%aa%d7%90%d7%99%d7%9c%d7%a0%d7%93/","/תיירות-בתאילנד/","200","text/html; charset=UTF-8","93223","0bcf57b3cc9b905a2e53e870ed549f70d75ffdf9c222fcacfc3eaa0d59d51c93","https://thai-land.co.il/תיירות-בתאילנד/","True","he-IL","rtl","תיירות בתאילנד | להיות בתאילנד","30",,"0","2","להיות בתאילנד","0","2669","1","תיירות בתאילנד","0","2218","72","38","0","0","1","1","1","https://thai-land.co.il/wp-content/uploads/2022/03/cropped-thailand-free-info.jpg","","2022-08-27T13:49:59+00:00","2022-08-27T14:14:46+00:00"
"post","https://thai-land.co.il/%d7%9e%d7%94%d7%95-%d7%94%d7%96%d7%9e%d7%9f-%d7%94%d7%98%d7%95%d7%91-%d7%91%d7%99%d7%95%d7%aa%d7%a8-%d7%9c%d7%97%d7%95%d7%a4%d7%a9%d7%94-%d7%91%d7%aa%d7%90%d7%99%d7%9c%d7%a0%d7%93/","/מהו-הזמן-הטוב-ביותר-לחופשה-בתאילנד/","200","text/html; charset=UTF-8","75586","31aeac563550dcf4bf8d814addcbd33c1d4a67e04a3b3a18739e5e1cb90961b1","https://thai-land.co.il/מהו-הזמן-הטוב-ביותר-לחופשה-בתאילנד/","True","he-IL","rtl","מהו הזמן הטוב ביותר לחופשה בתאילנד? | להיות בתאילנד","51",,"0","2","להיות בתאילנד","0","1060","1","מהו הזמן הטוב ביותר לחופשה בתאילנד?","0","601","72","38","0","0","1","1","1","https://thai-land.co.il/wp-content/uploads/2022/03/cropped-thailand-free-info.jpg","","2022-09-06T17:27:54+00:00","2022-09-06T17:29:07+00:00"
"post","https://thai-land.co.il/%d7%aa%d7%90%d7%99%d7%9c%d7%a0%d7%93-%d7%94%d7%9e%d7%93%d7%a8%d7%99%d7%9a-%d7%94%d7%9e%d7%9c%d7%90-%d7%94%d7%9b%d7%9c-%d7%a2%d7%9c-%d7%aa%d7%90%d7%99%d7%9c%d7%a0%d7%93-%d7%95%d7%94%d7%9e%d7%9c%d7%a6/","/תאילנד-המדריך-המלא-הכל-על-תאילנד-והמלצ/","200","text/html; charset=UTF-8","191407","1dec3e0c3029b701fef8a0ea3f7f44e3533537525a26109796812c53e74566aa","https://thai-land.co.il/תאילנד-המדריך-המלא-הכל-על-תאילנד-והמלצ/","True","he-IL","rtl","תאילנד המדריך המלא | הכל על תאילנד והמלצות לטיולים | להיות בתאילנד","66",,"0","2","להיות בתאילנד","0","11762","1","תאילנד המדריך המלא | הכל על תאילנד והמלצות לטיולים","0","11297","73","38","1","1","1","1","1","https://thai-land.co.il/wp-content/uploads/2022/03/cropped-thailand-free-info.jpg","","2022-03-28T13:01:40+00:00","2022-09-09T21:26:54+00:00"
"post","https://thai-land.co.il/%d7%95%d7%99%d7%96%d7%aa-%d7%aa%d7%99%d7%99%d7%a8%d7%99%d7%9d-%d7%aa%d7%90%d7%99%d7%9c%d7%a0%d7%93/","/ויזת-תיירים-תאילנד/","200","text/html; charset=UTF-8","73275","39d9db44273f31dd547ff1675a3673d0d4ecaf5b4a6e7df2792cbc2b488ebc62","https://thai-land.co.il/ויזת-תיירים-תאילנד/","True","he-IL","rtl","ויזת תיירים תאילנד | להיות בתאילנד","34",,"0","2","להיות בתאילנד","0","957","1","ויזת תיירים תאילנד","0","504","72","38","0","0","1","1","1","https://thai-land.co.il/wp-content/uploads/2022/03/cropped-thailand-free-info.jpg","","2022-09-18T16:27:46+00:00",
"post","https://thai-land.co.il/%d7%94%d7%a0%d7%a4%d7%a7%d7%aa-%d7%95%d7%99%d7%96%d7%94-%d7%9c%d7%aa%d7%90%d7%99%d7%9c%d7%a0%d7%93-%d7%a1%d7%95%d7%92%d7%99-%d7%95%d7%99%d7%96%d7%95%d7%aa-%d7%95%d7%90%d7%a9%d7%a8%d7%95%d7%aa-%d7%aa/","/הנפקת-ויזה-לתאילנד-סוגי-ויזות-ואשרות-ת/","200","text/html; charset=UTF-8","106858","8e2b1cc3c08f63f359e406d4c70ff8b9c519605cb84c8eac897e598b1a167242","https://thai-land.co.il/הנפקת-ויזה-לתאילנד-סוגי-ויזות-ואשרות-ת/","True","he-IL","rtl","הנפקת ויזה לתאילנד | שירות ויזות ואשרות תאילנד | להיות בתאילנד","62",,"0","3","להיות בתאילנד","0","3989","2","הנפקת ויזה לתאילנד | שירות ויזות ואשרות תאילנד","0","3526","72","38","0","0","1","1","1","https://thai-land.co.il/wp-content/uploads/2022/03/cropped-thailand-free-info.jpg","","2022-09-18T16:46:18+00:00","2022-09-18T16:53:36+00:00"
"post","https://thai-land.co.il/%d7%90%d7%99%d7%a9%d7%95%d7%a8-%d7%a2%d7%91%d7%95%d7%93%d7%94-%d7%91%d7%aa%d7%90%d7%99%d7%9c%d7%a0%d7%93/","/אישור-עבודה-בתאילנד/","200","text/html; charset=UTF-8","92558","bc375bcb946febb264960c5ed8a60755030db2e36911bbc530643e6f3f936094","https://thai-land.co.il/אישור-עבודה-בתאילנד/","True","he-IL","rtl","אישור עבודה בתאילנד | להיות בתאילנד","35",,"0","2","להיות בתאילנד","0","2722","1","אישור עבודה בתאילנד","0","2269","72","38","0","0","1","1","1","https://thai-land.co.il/wp-content/uploads/2022/03/cropped-thailand-free-info.jpg","","2022-09-18T16:41:24+00:00","2022-09-18T17:13:09+00:00"
"post","https://thai-land.co.il/%d7%a4%d7%95%d7%a7%d7%98-%d7%90%d7%95-%d7%a7%d7%95-%d7%a1%d7%9e%d7%95%d7%99/","/פוקט-או-קו-סמוי/","200","text/html; charset=UTF-8","99175","ae276332c094b51ee60956a5a364a40500129ce8ad7dd2c9867600d454be1acc","https://thai-land.co.il/פוקט-או-קו-סמוי/","True","he-IL","rtl","פוקט או קו סמוי | להיות בתאילנד","31",,"0","2","להיות בתאילנד","0","3327","1","פוקט או קו סמוי","0","2872","72","38","0","0","1","1","1","https://thai-land.co.il/wp-content/uploads/2022/03/cropped-thailand-free-info.jpg","","2022-09-30T18:35:48+00:00","2022-09-30T19:02:07+00:00"
"post","https://thai-land.co.il/%d7%9e%d7%a2%d7%91%d7%a8-%d7%9c%d7%aa%d7%90%d7%99%d7%9c%d7%a0%d7%93-%d7%a8%d7%99%d7%9c%d7%95%d7%a7%d7%99%d7%99%d7%a9%d7%9f-%d7%9c%d7%aa%d7%90%d7%99%d7%9c%d7%a0%d7%93-%d7%9e%d7%93%d7%a8%d7%99%d7%9a/","/מעבר-לתאילנד-רילוקיישן-לתאילנד-מדריך/","200","text/html; charset=UTF-8","102682","706c31ab74e996ffebfd67f218384c59c31a793e792127bd0637d93ce321e127","https://thai-land.co.il/מעבר-לתאילנד-רילוקיישן-לתאילנד-מדריך/","True","he-IL","rtl","מעבר לתאילנד | רילוקיישן לתאילנד | מדריך לישראלים | להיות בתאילנד","65",,"0","2","להיות בתאילנד","0","3431","1","מעבר לתאילנד | רילוקיישן לתאילנד | מדריך לישראלים","0","2968","72","38","0","0","1","1","1","https://thai-land.co.il/wp-content/uploads/2022/03/cropped-thailand-free-info.jpg","","2022-10-09T18:00:10+00:00","2022-10-09T19:50:18+00:00"
"post","https://thai-land.co.il/%d7%a2%d7%a1%d7%a7%d7%99%d7%9d-%d7%91%d7%aa%d7%90%d7%99%d7%9c%d7%a0%d7%93-%d7%a1%d7%a7%d7%99%d7%a8%d7%94-%d7%9b%d7%9c%d7%9c%d7%99%d7%aa/","/עסקים-בתאילנד-סקירה-כללית/","200","text/html; charset=UTF-8","223143","abfe6687e34191ea4b243babfd8749ea7f82486f131dd6808994d164664e0025","https://thai-land.co.il/עסקים-בתאילנד-סקירה-כללית/","True","he-IL","rtl","עשיית עסקים בתאילנד: מדריך כללי ליזם ישראלי | להיות בתאילנד","59",,"0","2","להיות בתאילנד","0","13794","1","עשיית עסקים בתאילנד: מדריך כללי ליזם ישראלי","0","13333","72","38","0","0","1","1","1","https://thai-land.co.il/wp-content/uploads/2022/03/cropped-thailand-free-info.jpg","","2022-05-25T17:40:02+00:00","2022-10-28T13:58:34+00:00"
"post","https://thai-land.co.il/hello-world/","/hello-world/","200","text/html; charset=UTF-8","68644","8151ca09def9c962b67b318a242cd4efd4dabb4890cd5b5676eb1378b9f0ba21","https://thai-land.co.il/hello-world/","True","he-IL","rtl","האם תאילנד פתוחה לתיירים? | להיות בתאילנד","41",,"0","2","להיות בתאילנד","0","502","1","האם תאילנד פתוחה לתיירים?","0","47","73","39","1","1","1","1","1","https://thai-land.co.il/wp-content/uploads/2022/03/cropped-thailand-free-info.jpg","","2022-03-22T17:21:08+00:00","2022-10-29T13:51:20+00:00"
"post","https://thai-land.co.il/5-%d7%98%d7%a8%d7%99%d7%a7%d7%99%d7%9d-%d7%9c%d7%98%d7%99%d7%a1%d7%95%d7%aa-%d7%a1%d7%95%d7%a4%d7%a8-%d7%96%d7%95%d7%9c%d7%95%d7%aa-%d7%9c%d7%aa%d7%90%d7%99%d7%9c%d7%a0%d7%93/","/5-טריקים-לטיסות-סופר-זולות-לתאילנד/","200","text/html; charset=UTF-8","113786","1a3fc010b2fbd4eec1fbc9fe5d8f799438f9f40a82299cf02db9ca25c3c16331","https://thai-land.co.il/5-טריקים-לטיסות-סופר-זולות-לתאילנד/","True","he-IL","rtl","5 טיפים לטיסות סופר זולות לתאילנד | להיות בתאילנד","49","Thai-land.co.il הוא צוות מומחים ישראלים הגרים בתאילנד המתמחה במתן דילים איכותיים וייחודיים בטיסות לתאילנד. הצוות מחויב להבטיח שללקוחותיהם תהיה חווית הנסיעה הטובה ביותר, והם מספקים תמיכה לאורך כל הטיול.","201","2","להיות בתאילנד","0","4475","1","5 טיפים לטיסות סופר זולות לתאילנד","0","4016","72","38","0","0","1","1","1","https://thai-land.co.il/wp-content/uploads/2022/03/cropped-thailand-free-info.jpg","","2022-04-27T16:42:54+00:00","2023-02-18T13:57:51+00:00"
"post","https://thai-land.co.il/%d7%90%d7%99%d7%9a-%d7%90%d7%95%d7%9e%d7%a8%d7%99%d7%9d-%d7%91%d7%aa%d7%90%d7%99%d7%9c%d7%a0%d7%93%d7%99%d7%aa/","/איך-אומרים-בתאילנדית/","200","text/html; charset=UTF-8","76292","44cc6ea9bd9664973c7b5dcb6d58bbce570320b0528fa6b94722336905c6dffa","https://thai-land.co.il/איך-אומרים-בתאילנדית/","True","he-IL","rtl","איך אומרים בתאילנדית | להיות בתאילנד","36",,"0","2","להיות בתאילנד","0","1188","1","איך אומרים בתאילנדית","0","735","72","39","0","0","1","1","1","https://thai-land.co.il/wp-content/uploads/2022/03/cropped-thailand-free-info.jpg","","2023-03-08T15:48:11+00:00","2023-03-08T16:12:49+00:00"
"post","https://thai-land.co.il/%d7%96%d7%9b%d7%95%d7%99%d7%95%d7%aa-%d7%91%d7%99%d7%aa-%d7%9e%d7%a9%d7%95%d7%aa%d7%a3-%d7%a0%d7%9b%d7%a1-%d7%91%d7%aa%d7%90%d7%99%d7%9c%d7%a0%d7%93/","/זכויות-בית-משותף-נכס-בתאילנד/","200","text/html; charset=UTF-8","75581","c1a0473afc94619db7135f07b8482f27eab1db519ad4020aac055afc3fe13d77","https://thai-land.co.il/זכויות-בית-משותף-נכס-בתאילנד/","True","he-IL","rtl","זכויות בית משותף- נכס בתאילנד | להיות בתאילנד","45",,"0","2","להיות בתאילנד","0","1092","1","זכויות בית משותף- נכס בתאילנד","0","635","72","39","0","0","1","1","1","https://thai-land.co.il/wp-content/uploads/2022/03/cropped-thailand-free-info.jpg","","2023-03-25T14:15:06+00:00",
"post","https://thai-land.co.il/%d7%94%d7%9e%d7%93%d7%a8%d7%99%d7%9a-%d7%94%d7%90%d7%95%d7%9c%d7%98%d7%99%d7%9e%d7%98%d7%99%d7%91%d7%99-%d7%9c%d7%9e%d7%a6%d7%99%d7%90%d7%aa-%d7%98%d7%99%d7%a1%d7%95%d7%aa-%d7%96%d7%95%d7%9c%d7%95/","/המדריך-האולטימטיבי-למציאת-טיסות-זולו/","200","text/html; charset=UTF-8","100678","7359c45aafc9d3f177b97395dc691f673910e452c8b99817df52ff55d93407e2","https://thai-land.co.il/המדריך-האולטימטיבי-למציאת-טיסות-זולו/","True","he-IL","rtl","טיסות זולות לתאילנד המדריך האולטימטיבי לישראלי | להיות בתאילנד","62",,"0","2","להיות בתאילנד","0","3585","1","טיסות זולות לתאילנד המדריך האולטימטיבי לישראלי","0","3126","72","38","0","0","1","1","1","https://thai-land.co.il/wp-content/uploads/2022/03/cropped-thailand-free-info.jpg","","2022-04-28T17:13:38+00:00","2023-03-29T19:29:53+00:00"
"post","https://thai-land.co.il/%d7%aa%d7%90%d7%99%d7%9c%d7%a0%d7%93-%d7%95%d7%97%d7%95%d7%a7-%d7%90%d7%99-%d7%94%d7%a4%d7%9c%d7%9c%d7%aa-%d7%a7%d7%a0%d7%90%d7%91%d7%99%d7%a1-%d7%a4%d7%a0%d7%90%d7%99/","/תאילנד-וחוק-אי-הפללת-קנאביס-פנאי/","200","text/html; charset=UTF-8","80144","70cdebf5ccd3fd59cfc3e484920b752d163065d9450eca8a1d9fcf562e74c55d","https://thai-land.co.il/תאילנד-וחוק-אי-הפללת-קנאביס-פנאי/","True","he-IL","rtl","תאילנד חוק אי הפללת קנאביס 2022 | להיות בתאילנד","47",,"0","2","להיות בתאילנד","0","1412","1","תאילנד חוק אי הפללת קנאביס 2022","0","953","72","38","0","0","2","2","2","https://thai-land.co.il/wp-content/uploads/2022/04/legal-cannabis-300x191.jpg","","2022-04-30T18:08:07+00:00","2023-05-27T11:40:20+00:00"
"post","https://thai-land.co.il/%d7%91%d7%99%d7%98%d7%95%d7%97-%d7%a0%d7%a1%d7%99%d7%a2%d7%95%d7%aa-%d7%9c%d7%97%d7%95%d7%9c-%d7%91%d7%99%d7%98%d7%95%d7%97-%d7%a8%d7%99%d7%9c%d7%95%d7%a7%d7%99%d7%99%d7%a9%d7%9f-%d7%91%d7%99/","/ביטוח-נסיעות-לחול-ביטוח-רילוקיישן-בי/","200","text/html; charset=UTF-8","175862","bb4e70194fe0f24c7c44e793b9114de3610d88487f0344b3194b2fb96bfc269c","https://thai-land.co.il/ביטוח-נסיעות-לחול-ביטוח-רילוקיישן-בי/","True","he-IL","rtl","ביטוח נסיעות לתאילנד | ביטוח רילוקיישן | ביטוח בריאות חו""ל | להיות בתאילנד","74",,"0","2","להיות בתאילנד","1","10029","1","ביטוח נסיעות לתאילנד | ביטוח רילוקיישן | ביטוח בריאות חו”ל","1","9562","76","42","4","4","1","1","1","https://thai-land.co.il/wp-content/uploads/2022/03/cropped-thailand-free-info.jpg","","2022-10-08T13:16:32+00:00","2023-09-02T19:15:29+00:00"
"post","https://thai-land.co.il/%d7%a7%d7%a0%d7%99%d7%99%d7%aa-%d7%a0%d7%9b%d7%a1-%d7%91%d7%aa%d7%90%d7%99%d7%9c%d7%a0%d7%93/","/קניית-נכס-בתאילנד/","200","text/html; charset=UTF-8","124039","34a597de375609a993689f4221f31dae28f7baf7fecaf1f8971267af470b5c6f","https://thai-land.co.il/קניית-נכס-בתאילנד/","True","he-IL","rtl","קניית נכס בתאילנד | מדריך קניית דירה לישראלים | להיות בתאילנד","61",,"0","2","להיות בתאילנד","0","5544","1","קניית נכס בתאילנד | מדריך קניית דירה לישראלים","0","5081","72","38","0","0","1","1","1","https://thai-land.co.il/wp-content/uploads/2022/03/cropped-thailand-free-info.jpg","","2022-10-17T17:07:18+00:00","2023-09-15T20:33:46+00:00"
"post","https://thai-land.co.il/property-management/","/property-management/","200","text/html; charset=UTF-8","90328","cd53516668796cd893f9a16fddbce61e38ee469d64ea0f9d33fd525dcb33bd35","https://thai-land.co.il/property-management/","True","he-IL","rtl","ניהול נכסים בתאילנד | airbnb והשכרות טווח קצר | להיות בתאילנד","61",,"0","2","להיות בתאילנד","0","2306","1","ניהול נכסים בתאילנד | airbnb והשכרות טווח קצר","0","1843","72","38","0","0","1","1","1","https://thai-land.co.il/wp-content/uploads/2022/03/cropped-thailand-free-info.jpg","","2024-12-16T18:01:03+00:00","2024-12-16T18:21:17+00:00"
"post","https://thai-land.co.il/%d7%94%d7%9e%d7%97%d7%99%d7%a8%d7%99%d7%9d-%d7%94%d7%96%d7%95%d7%9c%d7%99%d7%9d-%d7%91%d7%99%d7%95%d7%aa%d7%a8-%d7%aa%d7%90%d7%99%d7%9c%d7%a0%d7%93-2025/","/המחירים-הזולים-ביותר-תאילנד-2025/","200","text/html; charset=UTF-8","283181","cce6e2f4f5f4da04bc5a38a03c1b6c8ad6b1032e5e92317f0f5e0a5c2535c875","https://thai-land.co.il/המחירים-הזולים-ביותר-תאילנד-2025/","True","he-IL","rtl","המחירים הזולים ביותר חופשת תאילנד 2025: מלונות מומלצים אטרקציות וטיסות למשפחות בתאילנד | להיות בתאילנד","102",,"0","2","להיות בתאילנד","0","19126","1","המחירים הזולים ביותר חופשת תאילנד 2025: מלונות מומלצים אטרקציות וטיסות למשפחות בתאילנד","0","18655","72","39","0","0","2","2","2","https://thai-land.co.il/wp-content/uploads/2025/02/tahi-cheap-hotels-flights.webp","","2025-02-19T11:18:06+00:00","2025-02-19T11:47:47+00:00"
"post","https://thai-land.co.il/%d7%9e%d7%97%d7%a9%d7%91%d7%95%d7%9f-%d7%aa%d7%9b%d7%a0%d7%95%d7%9f-%d7%97%d7%95%d7%a4%d7%a9%d7%94-%d7%91%d7%aa%d7%90%d7%99%d7%9c%d7%a0%d7%93/","/מחשבון-תכנון-חופשה-בתאילנד/","200","text/html; charset=UTF-8","150083","ff910e1398a0fd7ff2fe21e64e78d74c72f61cd3ed997b7284f1903f2e5462b7","https://thai-land.co.il/מחשבון-תכנון-חופשה-בתאילנד/","True","he-IL","rtl","מחשבון תכנון חופשה בתאילנד | להיות בתאילנד","42",,"0","2","להיות בתאילנד","1","6110","1","מחשבון תכנון חופשה בתאילנד","1","5655","72","39","0","0","1","1","1","https://thai-land.co.il/wp-content/uploads/2022/03/cropped-thailand-free-info.jpg","","2025-02-25T12:00:52+00:00","2025-02-25T12:34:59+00:00"
"post","https://thai-land.co.il/price/","/price/","200","text/html; charset=UTF-8","136073","34440e4a7b5d4b3478f96b4950ba0957fed0659e3f9d42358a387e5bda2b0beb","https://thai-land.co.il/price/","True","he-IL","rtl","(2025) סקירת מחירי נכסים בתאילנד | להיות בתאילנד","48",,"0","2","להיות בתאילנד","10","6496","1","(2025) סקירת מחירי נכסים בתאילנד","10","6039","72","39","0","0","1","1","1","https://thai-land.co.il/wp-content/uploads/2022/03/cropped-thailand-free-info.jpg","","2025-07-02T09:48:26+00:00",
"post","https://thai-land.co.il/lawyer-thailand/","/lawyer-thailand/","200","text/html; charset=UTF-8","256061","7c2dc0904a366246bf5e65a57fd59cbf26bb2f750006f40b300528299ba057d3","https://thai-land.co.il/lawyer-thailand/","True","he-IL","rtl","עורך דין ישראלי בתאילנד | עו""ד תאילנד דובר עברית | להיות בתאילנד","64",,"0","2","להיות בתאילנד","9","17140","1","עורך דין ישראלי בתאילנד | עו”ד תאילנד דובר עברית","9","16675","72","38","0","0","1","1","1","https://thai-land.co.il/wp-content/uploads/2022/03/cropped-thailand-free-info.jpg","","2025-07-09T16:01:30+00:00","2025-07-09T16:09:23+00:00"
"post","https://thai-land.co.il/%d7%98%d7%99%d7%95%d7%9c-%d7%91%d7%91%d7%a0%d7%92%d7%a7%d7%95%d7%a7-%d7%9c%d7%99%d7%95%d7%9e%d7%99%d7%99%d7%9d-3-%d7%99%d7%9e%d7%99%d7%9d-%d7%90%d7%95-4-%d7%99%d7%9e%d7%99%d7%9d-%d7%9e%d7%93%d7%a8/","/טיול-בבנגקוק-ליומיים-3-ימים-או-4-ימים-מדר/","200","text/html; charset=UTF-8","95334","6d147115b62663b024a6aeb8a81d1b4664a7222dc492054ca60edbc5d39ff8d4","https://thai-land.co.il/טיול-בבנגקוק-ליומיים-3-ימים-או-4-ימים-מדר/","True","he-IL","rtl","טיול בבנגקוק ליומיים 3 ימים או 4 ימים (מדריך טיולים מתעדכן) | להיות בתאילנד","75",,"0","2","להיות בתאילנד","0","2912","1","טיול בבנגקוק ליומיים 3 ימים או 4 ימים (מדריך טיולים מתעדכן)","0","2443","72","38","0","0","1","1","1","https://thai-land.co.il/wp-content/uploads/2022/03/cropped-thailand-free-info.jpg","","2022-09-03T17:20:24+00:00","2025-10-24T01:50:22+00:00"
"post","https://thai-land.co.il/5-%d7%93%d7%91%d7%a8%d7%99%d7%9d-%d7%9c%d7%a2%d7%a9%d7%95%d7%aa-%d7%91%d7%99%d7%95%d7%9d-%d7%92%d7%a9%d7%95%d7%9d-%d7%91%d7%aa%d7%90%d7%99%d7%9c%d7%a0%d7%93-2022/","/5-דברים-לעשות-ביום-גשום-בתאילנד-2022/","200","text/html; charset=UTF-8","79177","086c6a9aac3f7a9448db78b8291667848d88b9a0a795da72aaa2ef77f996f93d","https://thai-land.co.il/5-דברים-לעשות-ביום-גשום-בתאילנד-2022/","True","he-IL","rtl","מה לעשות ביום גשום בתאילנד | להיות בתאילנד","42",,"0","2","להיות בתאילנד","1","1366","1","מה לעשות ביום גשום בתאילנד","1","909","72","38","0","0","2","2","2","https://thai-land.co.il/wp-content/uploads/2022/05/rain-thailand-2022.jpg","","2022-05-20T13:09:01+00:00","2025-10-24T01:51:03+00:00"
"page","https://thai-land.co.il/","/","200","text/html; charset=UTF-8","199067","d7a3301992fd602458dd6d4e8eee6efbfc1e100f2136de57dc4351ea3ade1803","https://thai-land.co.il/","True","he-IL","rtl","מרכז הישראלים בתאילנד: טיסות, מגורים, עסקים, מלונות, נסיעות | להיות בתאילנד","75",,"0","2","להיות בתאילנד","0","12142","1","מרכז הישראלים בתאילנד: טיסות, מגורים, עסקים, מלונות, נסיעות","0","11688","71","38","0","0","2","2","2","https://thai-land.co.il/wp-content/uploads/2022/03/thailand.webp","Organization|SearchAction|WebSite",,"2025-02-17T17:59:22+00:00"
"category","https://thai-land.co.il/category/%d7%aa%d7%90%d7%99%d7%9c%d7%a0%d7%93-%d7%9b%d7%9c%d7%9c%d7%99/","/category/תאילנד-כללי/","200","text/html; charset=UTF-8","139176","0563e97a575d3dc3eb504d985ae4284b430c62d0e0bddb496ab97ca005c69f1a","https://thai-land.co.il/category/תאילנד-כללי/","True","he-IL","rtl","תאילנד כללי | להיות בתאילנד","27",,"0","2","להיות בתאילנד","38","3778","1","קטגוריה: תאילנד כללי","38","3327","148","44","76","38","3","3","3","https://thai-land.co.il/wp-content/uploads/2022/03/cropped-thailand-free-info.jpg","",,
